ts_utc,eth_yes_last,eth_yes_aggressive_buy,eth_yes_aggressive_sell,eth_vol,btc_yes_last,btc_yes_aggressive_buy,btc_yes_aggressive_sell,btc_vol,spread_btcYes_minus_ethYes,spread_ethYes_minus_btcYes,spread_btcYes_minus_ethNo,divergence_logit
2026-04-28 12:15:00+00:00,,,,0.0,0.5,0.5,,5.0,,,,
2026-04-28 12:15:02+00:00,,,,0.0,0.52,0.52,0.5,6.53,,,,
2026-04-28 12:15:04+00:00,,,,0.0,0.54,0.56,0.52,44.6,,,,
2026-04-28 12:15:06+00:00,,,,0.0,0.54,0.54,0.52,39.0,,,,
2026-04-28 12:15:08+00:00,,,,0.0,0.56,0.57,0.52,25.98,,,,
2026-04-28 12:15:10+00:00,,,,0.0,0.55,0.57,0.55,10.47,,,,
2026-04-28 12:15:12+00:00,,,,0.0,0.55,0.55,0.55,98.18,,,,
2026-04-28 12:15:14+00:00,,,,0.0,0.57,0.6,0.54,439.90999999999997,,,,
2026-04-28 12:15:16+00:00,,,,0.0,0.55,0.6,0.57,348.47999999999996,,,,
2026-04-28 12:15:18+00:00,,,,0.0,0.56,0.56,0.53,300.84000000000003,,,,
2026-04-28 12:15:20+00:00,0.53,0.55,0.53,72.05,0.56,0.56,0.55,137.23,0.030000000000000027,-0.030000000000000027,0.09000000000000008,0.12101774497482483
2026-04-28 12:15:22+00:00,0.53,0.55,0.53,0.0,0.55,0.56,0.55,141.59999999999997,0.020000000000000018,-0.020000000000000018,0.08000000000000007,0.080526383620088
2026-04-28 12:15:24+00:00,0.53,0.55,0.53,0.0,0.54,0.55,0.54,285.56,0.010000000000000009,-0.010000000000000009,0.07000000000000006,0.04019833823311607
2026-04-28 12:15:26+00:00,0.55,0.55,0.55,39.0,0.55,0.55,0.54,60.13,0.0,0.0,0.10000000000000009,0.0
2026-04-28 12:15:28+00:00,0.55,0.55,0.55,0.0,0.54,0.55,0.54,82.78999999999999,-0.010000000000000009,0.010000000000000009,0.09000000000000008,-0.040328045386971934
2026-04-28 12:15:30+00:00,0.55,0.55,0.55,0.0,0.54,0.55,0.54,3.0,-0.010000000000000009,0.010000000000000009,0.09000000000000008,-0.040328045386971934
2026-04-28 12:15:32+00:00,0.55,0.55,0.55,0.0,0.54,0.55,0.53,155.42,-0.010000000000000009,0.010000000000000009,0.09000000000000008,-0.040328045386971934
2026-04-28 12:15:34+00:00,0.55,0.55,0.55,0.0,0.51,0.52,0.51,386.40999999999997,-0.040000000000000036,0.040000000000000036,0.06000000000000005,-0.1606653608484522
2026-04-28 12:15:36+00:00,0.55,0.55,0.55,0.0,0.52,0.53,0.51,230.08,-0.030000000000000027,0.030000000000000027,0.07000000000000006,-0.12062798778861485
2026-04-28 12:15:38+00:00,0.55,0.55,0.55,0.0,0.53,0.53,0.52,90.44,-0.020000000000000018,0.020000000000000018,0.08000000000000007,-0.080526383620088
2026-04-28 12:15:40+00:00,0.55,0.55,0.55,0.0,0.52,0.54,0.52,423.94999999999993,-0.030000000000000027,0.030000000000000027,0.07000000000000006,-0.12062798778861485
2026-04-28 12:15:42+00:00,0.55,0.55,0.55,0.0,0.52,0.52,0.51,680.4300000000001,-0.030000000000000027,0.030000000000000027,0.07000000000000006,-0.12062798778861485
2026-04-28 12:15:44+00:00,0.55,0.55,0.55,0.0,0.52,0.52,0.51,212.15,-0.030000000000000027,0.030000000000000027,0.07000000000000006,-0.12062798778861485
2026-04-28 12:15:46+00:00,0.55,0.55,0.55,0.0,0.51,0.52,0.51,79.81,-0.040000000000000036,0.040000000000000036,0.06000000000000005,-0.1606653608484522
2026-04-28 12:15:48+00:00,0.55,0.55,0.55,0.0,0.54,0.55,0.37,4829.0599999999995,-0.010000000000000009,0.010000000000000009,0.09000000000000008,-0.040328045386971934
2026-04-28 12:15:50+00:00,0.52,0.55,0.52,1.0,0.52,0.52,0.37,44.53,0.0,0.0,0.040000000000000036,0.0
2026-04-28 12:15:52+00:00,0.52,0.55,0.52,0.0,0.51,0.52,0.51,255.40999999999997,-0.010000000000000009,0.010000000000000009,0.030000000000000027,-0.04003737305983736
2026-04-28 12:15:54+00:00,0.52,0.55,0.52,0.0,0.51,0.52,0.51,98.41,-0.010000000000000009,0.010000000000000009,0.030000000000000027,-0.04003737305983736
2026-04-28 12:15:56+00:00,0.52,0.55,0.52,0.0,0.52,0.54,0.51,240.32,0.0,0.0,0.040000000000000036,0.0
2026-04-28 12:15:58+00:00,0.52,0.55,0.52,0.0,0.53,0.54,0.52,235.50999999999996,0.010000000000000009,-0.010000000000000009,0.050000000000000044,0.040101604168526844
2026-04-28 12:16:00+00:00,0.51,0.52,0.5,11.0,0.53,0.54,0.51,282.90000000000003,0.020000000000000018,-0.020000000000000018,0.040000000000000036,0.0801389772283642
2026-04-28 12:16:02+00:00,0.49,0.52,0.49,1.0,0.5,0.51,0.46,149.74,0.010000000000000009,-0.010000000000000009,-0.010000000000000009,0.04000533461369925
2026-04-28 12:16:04+00:00,0.49,0.52,0.49,0.0,0.51,0.51,0.46,357.78000000000003,0.020000000000000018,-0.020000000000000018,0.0,0.08001066922739845
2026-04-28 12:16:06+00:00,0.49,0.52,0.49,0.0,0.51,0.52,0.5,292.38000000000005,0.020000000000000018,-0.020000000000000018,0.0,0.08001066922739845
2026-04-28 12:16:08+00:00,0.46,0.52,0.46,8.97,0.51,0.52,0.51,152.79,0.04999999999999999,-0.04999999999999999,-0.030000000000000027,0.20034798468887857
2026-04-28 12:16:10+00:00,0.46,0.52,0.46,0.0,0.51,0.52,0.51,50.3,0.04999999999999999,-0.04999999999999999,-0.030000000000000027,0.20034798468887857
2026-04-28 12:16:12+00:00,0.46,0.52,0.46,0.0,0.51,0.52,0.51,85.87,0.04999999999999999,-0.04999999999999999,-0.030000000000000027,0.20034798468887857
2026-04-28 12:16:14+00:00,0.46,0.52,0.46,0.0,0.52,0.52,0.5,658.63,0.06,-0.06,-0.020000000000000018,0.24038535774871594
2026-04-28 12:16:16+00:00,0.46,0.52,0.46,0.0,0.5,0.52,0.5,200.44,0.03999999999999998,-0.03999999999999998,-0.040000000000000036,0.16034265007517937
2026-04-28 12:16:18+00:00,0.49,0.49,0.46,58.35,0.5,0.52,0.5,20.310000000000002,0.010000000000000009,-0.010000000000000009,-0.010000000000000009,0.04000533461369925
2026-04-28 12:16:20+00:00,0.49,0.49,0.46,0.0,0.52,0.53,0.5,391.89000000000004,0.030000000000000027,-0.030000000000000027,0.010000000000000009,0.12004804228723581
2026-04-28 12:16:22+00:00,0.45,0.49,0.45,8.81,0.5,0.52,0.5,122.94,0.04999999999999999,-0.04999999999999999,-0.050000000000000044,0.20067069546215124
2026-04-28 12:16:24+00:00,0.45,0.49,0.45,0.0,0.5,0.5,0.48,60.209999999999994,0.04999999999999999,-0.04999999999999999,-0.050000000000000044,0.20067069546215124
2026-04-28 12:16:26+00:00,0.45,0.49,0.45,0.0,0.48,0.49,0.47,97.98,0.02999999999999997,-0.02999999999999997,-0.07000000000000006,0.12062798778861475
2026-04-28 12:16:28+00:00,0.44,0.45,0.45,21.39,0.46,0.49,0.46,174.18,0.020000000000000018,-0.020000000000000018,-0.10000000000000003,0.08081940674170873
2026-04-28 12:16:30+00:00,0.44,0.45,0.45,0.0,0.47,0.48,0.46,379.02,0.02999999999999997,-0.02999999999999997,-0.09000000000000008,0.12101774497482476
2026-04-28 12:16:32+00:00,0.44,0.45,0.45,0.0,0.46,0.48,0.45,529.6999999999999,0.020000000000000018,-0.020000000000000018,-0.10000000000000003,0.08081940674170873
2026-04-28 12:16:34+00:00,0.44,0.45,0.45,0.0,0.48,0.48,0.47,777.15,0.03999999999999998,-0.03999999999999998,-0.08000000000000007,0.1611193491433516
2026-04-28 12:16:36+00:00,0.44,0.45,0.45,0.0,0.47,0.48,0.45,535.6,0.02999999999999997,-0.02999999999999997,-0.09000000000000008,0.12101774497482476
2026-04-28 12:16:38+00:00,0.4,0.4,0.4,20.18,0.43,0.45,0.43,277.66999999999996,0.02999999999999997,-0.02999999999999997,-0.16999999999999998,0.12361395596717639
2026-04-28 12:16:40+00:00,0.4,0.4,0.4,0.0,0.42,0.42,0.41,47.47,0.019999999999999962,-0.019999999999999962,-0.18,0.08269171584511309
2026-04-28 12:16:42+00:00,0.35,0.4,0.35,70.0,0.41,0.41,0.4,266.14,0.06,-0.06,-0.24000000000000005,0.2550738312048116
2026-04-28 12:16:44+00:00,0.35,0.4,0.35,0.0,0.44,0.44,0.43,75.11999999999999,0.09000000000000002,-0.09000000000000002,-0.21000000000000002,0.37787715158933544
2026-04-28 12:16:46+00:00,0.35,0.4,0.35,0.0,0.46,0.47,0.43,426.03,0.11000000000000004,-0.11000000000000004,-0.19,0.45869655833104417
2026-04-28 12:16:48+00:00,0.35,0.4,0.35,0.0,0.47,0.46,0.45,471.82000000000005,0.12,-0.12,-0.18000000000000005,0.4988948965641602
2026-04-28 12:16:50+00:00,0.35,0.4,0.35,0.0,0.49,0.5,0.49,60.089999999999996,0.14,-0.14,-0.16000000000000003,0.5790338737925242
2026-04-28 12:16:52+00:00,0.35,0.4,0.35,0.0,0.51,0.51,0.5,18.82,0.16000000000000003,-0.16000000000000003,-0.14,0.6590445430199228
2026-04-28 12:16:54+00:00,0.35,0.4,0.35,0.0,0.48,0.51,0.48,96.36000000000001,0.13,-0.13,-0.17000000000000004,0.538996500732687
2026-04-28 12:16:56+00:00,0.35,0.4,0.35,0.0,0.49,0.49,0.48,39.83,0.14,-0.14,-0.16000000000000003,0.5790338737925242
2026-04-28 12:16:58+00:00,0.35,0.4,0.35,0.0,0.49,0.5,0.49,188.55,0.14,-0.14,-0.16000000000000003,0.5790338737925242
2026-04-28 12:17:00+00:00,0.42,0.42,0.4,1.0,0.49,0.5,0.48,297.39,0.07,-0.07,-0.09000000000000008,0.2827680576493519
2026-04-28 12:17:02+00:00,0.42,0.42,0.4,0.0,0.48,0.48,0.45,140.78,0.06,-0.06,-0.10000000000000009,0.2427306845895147
2026-04-28 12:17:04+00:00,0.42,0.42,0.4,0.0,0.47,0.49,0.46,254.93,0.04999999999999999,-0.04999999999999999,-0.1100000000000001,0.20262908042098784
2026-04-28 12:17:06+00:00,0.42,0.42,0.4,0.0,0.49,0.5,0.49,190.67,0.07,-0.07,-0.09000000000000008,0.2827680576493519
2026-04-28 12:17:08+00:00,0.42,0.42,0.4,0.0,0.49,0.5,0.38,2893.2799999999997,0.07,-0.07,-0.09000000000000008,0.2827680576493519
2026-04-28 12:17:10+00:00,0.42,0.42,0.4,0.0,0.48,0.48,0.38,46.82000000000001,0.06,-0.06,-0.10000000000000009,0.2427306845895147
2026-04-28 12:17:12+00:00,0.42,0.42,0.4,0.0,0.48,0.48,0.47,21.1,0.06,-0.06,-0.10000000000000009,0.2427306845895147
2026-04-28 12:17:14+00:00,0.41,0.41,0.4,8.18,0.48,0.49,0.48,507.15999999999997,0.07,-0.07,-0.1100000000000001,0.2839226695278754
2026-04-28 12:17:16+00:00,0.41,0.41,0.4,0.0,0.48,0.49,0.48,10.3,0.07,-0.07,-0.1100000000000001,0.2839226695278754
2026-04-28 12:17:18+00:00,0.42,0.42,0.4,63.91,0.54,0.55,0.54,84.65,0.12000000000000005,-0.12000000000000005,-0.040000000000000036,0.4831160423382307
2026-04-28 12:17:20+00:00,0.42,0.42,0.4,11.7,0.54,0.55,0.49,807.02,0.12000000000000005,-0.12000000000000005,-0.040000000000000036,0.4831160423382307
2026-04-28 12:17:22+00:00,0.42,0.42,0.4,0.0,0.51,0.51,0.49,1022.24,0.09000000000000002,-0.09000000000000002,-0.07000000000000006,0.3627787268767504
2026-04-28 12:17:24+00:00,0.42,0.42,0.4,0.0,0.53,0.55,0.53,108.7,0.11000000000000004,-0.11000000000000004,-0.050000000000000044,0.4429177041051146
2026-04-28 12:17:26+00:00,0.42,0.42,0.4,0.0,0.54,0.54,0.53,60.88000000000001,0.12000000000000005,-0.12000000000000005,-0.040000000000000036,0.4831160423382307
2026-04-28 12:17:28+00:00,0.4,0.4,0.4,1.0,0.53,0.54,0.53,35.83,0.13,-0.13,-0.06999999999999995,0.5256094199502277
2026-04-28 12:17:30+00:00,0.4,0.4,0.4,0.0,0.53,0.54,0.53,0.0,0.13,-0.13,-0.06999999999999995,0.5256094199502277
2026-04-28 12:17:32+00:00,0.4,0.4,0.4,0.0,0.54,0.54,0.53,28.13,0.14,-0.14,-0.05999999999999994,0.5658077581833437
2026-04-28 12:17:34+00:00,0.45,0.45,0.4,10.0,0.54,0.55,0.54,164.71,0.09000000000000002,-0.09000000000000002,-0.010000000000000009,0.3610133455373307
2026-04-28 12:17:36+00:00,0.45,0.45,0.4,0.0,0.54,0.55,0.54,66.19,0.09000000000000002,-0.09000000000000002,-0.010000000000000009,0.3610133455373307
2026-04-28 12:17:38+00:00,0.46,0.46,0.4,20.93,0.55,0.55,0.54,167.32999999999998,0.09000000000000002,-0.09000000000000002,0.010000000000000009,0.3610133455373308
2026-04-28 12:17:40+00:00,0.46,0.46,0.4,15.71,0.54,0.55,0.54,10.0,0.08000000000000002,-0.08000000000000002,0.0,0.32068530015035884
2026-04-28 12:17:42+00:00,0.46,0.46,0.4,0.0,0.53,0.54,0.53,9.0,0.07,-0.07,-0.010000000000000009,0.28048696191724276
2026-04-28 12:17:44+00:00,0.42,0.46,0.42,15.29,0.52,0.53,0.52,57.09,0.10000000000000003,-0.10000000000000003,-0.06000000000000005,0.40281609993658773
2026-04-28 12:17:46+00:00,0.41,0.46,0.36,194.0,0.53,0.53,0.45,1462.1299999999999,0.12000000000000005,-0.12000000000000005,-0.06000000000000005,0.48410968904347534
2026-04-28 12:17:48+00:00,0.41,0.46,0.36,0.0,0.46,0.47,0.45,190.19000000000003,0.050000000000000044,-0.050000000000000044,-0.13000000000000006,0.20362272712623256
2026-04-28 12:17:50+00:00,0.39,0.39,0.36,7.7,0.45,0.46,0.45,118.82,0.06,-0.06,-0.15999999999999998,0.24664152258151353
2026-04-28 12:17:52+00:00,0.39,0.39,0.36,0.0,0.46,0.46,0.45,19.7,0.07,-0.07,-0.14999999999999997,0.2869695679684854
2026-04-28 12:17:54+00:00,0.39,0.39,0.36,0.0,0.45,0.46,0.44,184.78,0.06,-0.06,-0.15999999999999998,0.24664152258151353
2026-04-28 12:17:56+00:00,0.39,0.39,0.36,0.0,0.44,0.47,0.44,188.68,0.04999999999999999,-0.04999999999999999,-0.16999999999999998,0.20615016122677668
2026-04-28 12:17:58+00:00,0.39,0.39,0.36,0.0,0.46,0.47,0.46,8.66,0.07,-0.07,-0.14999999999999997,0.2869695679684854
2026-04-28 12:18:00+00:00,0.36,0.39,0.36,1.0,0.48,0.48,0.46,36.54,0.12,-0.12,-0.16000000000000003,0.4953214372300253
2026-04-28 12:18:02+00:00,0.36,0.39,0.36,0.0,0.48,0.48,0.47,39.05,0.12,-0.12,-0.16000000000000003,0.4953214372300253
2026-04-28 12:18:04+00:00,0.36,0.39,0.36,0.0,0.48,0.48,0.47,503.5200000000001,0.12,-0.12,-0.16000000000000003,0.4953214372300253
2026-04-28 12:18:06+00:00,0.36,0.39,0.36,0.0,0.48,0.48,0.47,0.0,0.12,-0.12,-0.16000000000000003,0.4953214372300253
2026-04-28 12:18:08+00:00,0.36,0.39,0.36,21.240000000000002,0.48,0.52,0.48,2000.78,0.12,-0.12,-0.16000000000000003,0.4953214372300253
2026-04-28 12:18:10+00:00,0.36,0.39,0.36,0.0,0.49,0.52,0.48,100.02000000000001,0.13,-0.13,-0.15000000000000002,0.5353588102898625
2026-04-28 12:18:12+00:00,0.36,0.39,0.36,0.0,0.46,0.47,0.46,153.74,0.10000000000000003,-0.10000000000000003,-0.18,0.41502149482838246
2026-04-28 12:18:14+00:00,0.36,0.39,0.36,0.0,0.47,0.47,0.46,39.68000000000001,0.10999999999999999,-0.10999999999999999,-0.17000000000000004,0.4552198330614985
2026-04-28 12:18:16+00:00,0.34,0.39,0.33,29.57,0.44,0.46,0.44,183.04,0.09999999999999998,-0.09999999999999998,-0.21999999999999992,0.4221321605933759
2026-04-28 12:18:18+00:00,0.34,0.39,0.33,0.0,0.44,0.44,0.44,6.0,0.09999999999999998,-0.09999999999999998,-0.21999999999999992,0.4221321605933759
2026-04-28 12:18:20+00:00,0.35,0.36,0.33,3.77,0.44,0.44,0.44,275.24,0.09000000000000002,-0.09000000000000002,-0.21000000000000002,0.37787715158933544
2026-04-28 12:18:22+00:00,0.35,0.36,0.33,0.0,0.44,0.44,0.44,0.0,0.09000000000000002,-0.09000000000000002,-0.21000000000000002,0.37787715158933544
2026-04-28 12:18:24+00:00,0.35,0.36,0.33,0.0,0.43,0.43,0.42,146.01,0.08000000000000002,-0.08000000000000002,-0.22000000000000003,0.3371880562652356
2026-04-28 12:18:26+00:00,0.31,0.36,0.31,60.0,0.42,0.42,0.4,248.26,0.10999999999999999,-0.10999999999999999,-0.26999999999999996,0.4773459078490619
2026-04-28 12:18:28+00:00,0.31,0.36,0.31,0.0,0.37,0.38,0.37,62.629999999999995,0.06,-0.06,-0.31999999999999995,0.26790248636480485
2026-04-28 12:18:30+00:00,0.31,0.36,0.31,0.0,0.38,0.38,0.37,385.06,0.07,-0.07,-0.30999999999999994,0.3105710747934073
2026-04-28 12:18:32+00:00,0.31,0.36,0.31,0.0,0.37,0.38,0.37,15.09,0.06,-0.06,-0.31999999999999995,0.26790248636480485
2026-04-28 12:18:34+00:00,0.32,0.32,0.31,9.940000000000001,0.38,0.38,0.37,147.13,0.06,-0.06,-0.29999999999999993,0.2642235770576743
2026-04-28 12:18:36+00:00,0.3,0.32,0.3,1.0,0.41,0.41,0.4,114.13000000000002,0.10999999999999999,-0.10999999999999999,-0.29,0.48333248318579164
2026-04-28 12:18:38+00:00,0.3,0.32,0.3,0.0,0.4,0.4,0.4,11.71,0.10000000000000003,-0.10000000000000003,-0.29999999999999993,0.4418327522790393
2026-04-28 12:18:40+00:00,0.3,0.32,0.3,0.0,0.4,0.41,0.39,144.64000000000001,0.10000000000000003,-0.10000000000000003,-0.29999999999999993,0.4418327522790393
2026-04-28 12:18:42+00:00,0.3,0.32,0.3,0.0,0.42,0.42,0.41,25.64,0.12,-0.12,-0.27999999999999997,0.5245244681241523
2026-04-28 12:18:44+00:00,0.3,0.32,0.3,0.0,0.42,0.42,0.41,206.8,0.12,-0.12,-0.27999999999999997,0.5245244681241523
2026-04-28 12:18:46+00:00,0.36,0.36,0.3,41.78,0.41,0.42,0.41,8.23,0.04999999999999999,-0.04999999999999999,-0.23000000000000004,0.21139876770214988
2026-04-28 12:18:48+00:00,0.3,0.36,0.3,6.53,0.41,0.42,0.41,50.120000000000005,0.10999999999999999,-0.10999999999999999,-0.29,0.48333248318579164
2026-04-28 12:18:50+00:00,0.3,0.36,0.3,0.0,0.42,0.42,0.39,177.56,0.12,-0.12,-0.27999999999999997,0.5245244681241523
2026-04-28 12:18:52+00:00,0.3,0.36,0.3,0.0,0.4,0.4,0.39,103.99000000000001,0.10000000000000003,-0.10000000000000003,-0.29999999999999993,0.4418327522790393
2026-04-28 12:18:54+00:00,0.3,0.36,0.3,0.0,0.4,0.4,0.39,132.01,0.10000000000000003,-0.10000000000000003,-0.29999999999999993,0.4418327522790393
2026-04-28 12:18:56+00:00,0.3,0.36,0.3,0.0,0.4,0.4,0.39,7.98,0.10000000000000003,-0.10000000000000003,-0.29999999999999993,0.4418327522790393
2026-04-28 12:18:58+00:00,0.31,0.36,0.31,10.0,0.4,0.4,0.36,146.58999999999997,0.09000000000000002,-0.09000000000000002,-0.2899999999999999,0.3946541920039488
2026-04-28 12:19:00+00:00,0.28,0.36,0.28,18.0,0.31,0.33,0.27,941.05,0.02999999999999997,-0.02999999999999997,-0.41,0.1443423087287381
2026-04-28 12:19:02+00:00,0.28,0.36,0.28,0.0,0.28,0.28,0.27,604.08,0.0,0.0,-0.43999999999999995,0.0
2026-04-28 12:19:04+00:00,0.28,0.36,0.28,0.0,0.25,0.26,0.22,484.21000000000004,-0.030000000000000027,0.030000000000000027,-0.47,-0.1541506798272586
2026-04-28 12:19:06+00:00,0.28,0.36,0.28,0.0,0.22,0.22,0.21,499.75,-0.060000000000000026,0.060000000000000026,-0.5,-0.3212047644904247
2026-04-28 12:19:08+00:00,0.2,0.36,0.19,2.0,0.2,0.21,0.2,421.73999999999995,0.0,0.0,-0.6000000000000001,0.0
2026-04-28 12:19:10+00:00,0.17,0.36,0.17,10.0,0.25,0.26,0.21,1889.06,0.07999999999999999,-0.07999999999999999,-0.58,0.48701497507227187
2026-04-28 12:19:12+00:00,0.17,0.36,0.17,0.0,0.21,0.22,0.21,276.96,0.03999999999999998,-0.03999999999999998,-0.62,0.26070184899678295
2026-04-28 12:19:14+00:00,0.19,0.19,0.16,4.0,0.23,0.23,0.21,388.39,0.04000000000000001,-0.04000000000000001,-0.5800000000000001,0.2416989695814642
2026-04-28 12:19:16+00:00,0.19,0.19,0.16,0.0,0.23,0.23,0.22,101.91,0.04000000000000001,-0.04000000000000001,-0.5800000000000001,0.2416989695814642
2026-04-28 12:19:18+00:00,0.16,0.16,0.16,5.0,0.22,0.22,0.21,295.84000000000003,0.06,-0.06,-0.62,0.39256170327225637
2026-04-28 12:19:20+00:00,0.18,0.22,0.16,222.99,0.22,0.22,0.21,145.9,0.04000000000000001,-0.04000000000000001,-0.6000000000000001,0.25068111603681276
2026-04-28 12:19:22+00:00,0.18,0.22,0.16,0.0,0.22,0.22,0.21,421.7900000000001,0.04000000000000001,-0.04000000000000001,-0.6000000000000001,0.25068111603681276
2026-04-28 12:19:24+00:00,0.18,0.22,0.16,0.0,0.22,0.22,0.21,161.05,0.04000000000000001,-0.04000000000000001,-0.6000000000000001,0.25068111603681276
2026-04-28 12:19:26+00:00,0.16,0.16,0.16,10.0,0.22,0.22,0.21,470.18,0.06,-0.06,-0.62,0.39256170327225637
2026-04-28 12:19:28+00:00,0.15,0.17,0.15,6.0,0.21,0.22,0.21,105.08999999999999,0.06,-0.06,-0.64,0.4096756406445077
2026-04-28 12:19:30+00:00,0.15,0.17,0.15,0.0,0.21,0.22,0.21,156.38,0.06,-0.06,-0.64,0.4096756406445077
2026-04-28 12:19:32+00:00,0.15,0.17,0.15,3.0,0.22,0.22,0.21,483.74,0.07,-0.07,-0.63,0.46893468205683053
2026-04-28 12:19:34+00:00,0.15,0.17,0.15,0.0,0.22,0.22,0.21,118.30000000000001,0.07,-0.07,-0.63,0.46893468205683053
2026-04-28 12:19:36+00:00,0.13,0.17,0.13,2.0,0.19,0.21,0.17,167.35,0.06,-0.06,-0.6799999999999999,0.45094858568704854
2026-04-28 12:19:38+00:00,0.13,0.17,0.13,0.0,0.18,0.18,0.17,49.379999999999995,0.04999999999999999,-0.04999999999999999,-0.69,0.38461127182495836
2026-04-28 12:19:40+00:00,0.13,0.17,0.13,0.0,0.17,0.17,0.16,572.1199999999999,0.04000000000000001,-0.04000000000000001,-0.7,0.3153314974526653
2026-04-28 12:19:42+00:00,0.13,0.13,0.12,37.0,0.17,0.17,0.17,586.1199999999999,0.04000000000000001,-0.04000000000000001,-0.7,0.3153314974526653
2026-04-28 12:19:44+00:00,0.13,0.13,0.12,0.0,0.18,0.2,0.18,1575.22,0.04999999999999999,-0.04999999999999999,-0.69,0.38461127182495836
2026-04-28 12:19:46+00:00,0.14,0.14,0.12,7.0,0.2,0.25,0.19,1266.8600000000001,0.06,-0.06,-0.6599999999999999,0.4289956055183586
2026-04-28 12:19:48+00:00,0.14,0.14,0.12,0.0,0.23,0.23,0.19,37.86,0.09,-0.09,-0.63,0.6069787607137149
2026-04-28 12:19:50+00:00,0.14,0.14,0.12,0.0,0.24,0.24,0.23,257.91,0.09999999999999998,-0.09999999999999998,-0.62,0.6626104566998636
2026-04-28 12:19:52+00:00,0.14,0.14,0.12,0.0,0.24,0.24,0.22,97.15,0.09999999999999998,-0.09999999999999998,-0.62,0.6626104566998636
2026-04-28 12:19:54+00:00,0.14,0.14,0.12,0.0,0.24,0.24,0.22,64.54,0.09999999999999998,-0.09999999999999998,-0.62,0.6626104566998636
2026-04-28 12:19:56+00:00,0.16,0.16,0.14,110.0,0.22,0.22,0.21,235.53000000000003,0.06,-0.06,-0.62,0.39256170327225637
2026-04-28 12:19:58+00:00,0.14,0.16,0.14,292.87,0.22,0.22,0.21,183.61,0.07999999999999999,-0.07999999999999999,-0.64,0.5496235933069733
2026-04-28 12:20:00+00:00,0.17,0.17,0.15,291.0,0.22,0.22,0.21,525.74,0.04999999999999999,-0.04999999999999999,-0.61,0.3199608904091058
2026-04-28 12:20:02+00:00,0.14,0.17,0.14,20.0,0.22,0.23,0.21,557.78,0.07999999999999999,-0.07999999999999999,-0.64,0.5496235933069733
2026-04-28 12:20:04+00:00,0.14,0.17,0.14,10.0,0.22,0.23,0.22,165.67,0.07999999999999999,-0.07999999999999999,-0.64,0.5496235933069733
2026-04-28 12:20:06+00:00,0.14,0.17,0.14,0.0,0.22,0.24,0.22,90.37,0.07999999999999999,-0.07999999999999999,-0.64,0.5496235933069733
2026-04-28 12:20:08+00:00,0.16,0.16,0.14,5.03,0.23,0.24,0.22,39.67999999999999,0.07,-0.07,-0.61,0.449916870678998
2026-04-28 12:20:10+00:00,0.16,0.16,0.14,0.0,0.23,0.23,0.22,10.66,0.07,-0.07,-0.61,0.449916870678998
2026-04-28 12:20:12+00:00,0.07,0.16,0.07,768.64,0.22,0.23,0.22,417.12,0.15,-0.15,-0.71,1.3210229707666665
2026-04-28 12:20:14+00:00,0.13,0.17,0.07,49.79,0.23,0.24,0.24,320.96999999999997,0.1,-0.1,-0.64,0.6926475552685127
2026-04-28 12:20:16+00:00,0.15,0.17,0.15,86.21,0.25,0.3,0.24,493.57,0.1,-0.1,-0.6,0.6359887667199966
2026-04-28 12:20:18+00:00,0.6,0.71,0.24,2255.0499999999997,0.62,0.71,0.33,5200.82,0.020000000000000018,-0.020000000000000018,0.21999999999999997,0.08408311721054157
2026-04-28 12:20:20+00:00,0.41,0.71,0.41,518.33,0.53,0.62,0.48,2700.07,0.12000000000000005,-0.12000000000000005,-0.06000000000000005,0.48410968904347534
2026-04-28 12:20:22+00:00,0.49,0.49,0.42,5.06,0.49,0.55,0.49,336.0,0.0,0.0,-0.020000000000000018,0.0
2026-04-28 12:20:24+00:00,0.55,0.55,0.42,203.44,0.49,0.49,0.47,1337.94,-0.06000000000000005,0.06000000000000005,0.040000000000000036,-0.24067603007585064
2026-04-28 12:20:26+00:00,0.55,0.55,0.42,0.0,0.44,0.44,0.43,58.83,-0.11000000000000004,0.11000000000000004,-0.009999999999999953,-0.4418327522790395
2026-04-28 12:20:28+00:00,0.48,0.5,0.48,90.09,0.51,0.52,0.42,924.0200000000001,0.030000000000000027,-0.030000000000000027,-0.010000000000000009,0.1200480422872357
2026-04-28 12:20:30+00:00,0.51,0.51,0.48,4.65,0.5,0.54,0.49,189.36999999999998,-0.010000000000000009,0.010000000000000009,0.010000000000000009,-0.040005334613699206
2026-04-28 12:20:32+00:00,0.51,0.51,0.48,0.0,0.52,0.5,0.48,491.03,0.010000000000000009,-0.010000000000000009,0.030000000000000027,0.04003737305983736
2026-04-28 12:20:34+00:00,0.54,0.61,0.44,92.0,0.48,0.66,0.48,1872.1000000000004,-0.06000000000000005,0.06000000000000005,0.020000000000000018,-0.24038535774871597
2026-04-28 12:20:36+00:00,0.82,0.82,0.5,48.7,0.8,0.8,0.71,1331.7300000000002,-0.019999999999999907,0.019999999999999907,0.62,-0.13005312824819737
2026-04-28 12:20:38+00:00,0.74,0.76,0.5,12.0,0.75,0.8,0.75,2741.0,0.010000000000000009,-0.010000000000000009,0.49,0.05264373348542217
2026-04-28 12:20:40+00:00,0.75,0.75,0.62,577.8299999999999,0.75,0.76,0.66,2991.0199999999995,0.0,0.0,0.5,0.0
2026-04-28 12:20:42+00:00,0.67,0.67,0.56,162.32999999999998,0.65,0.67,0.56,2906.26,-0.020000000000000018,0.020000000000000018,0.32000000000000006,-0.08914584951826243
2026-04-28 12:20:44+00:00,0.62,0.62,0.54,65.31,0.59,0.67,0.57,1277.6399999999999,-0.030000000000000027,0.030000000000000027,0.20999999999999996,-0.1255828481172943
2026-04-28 12:20:46+00:00,0.62,0.62,0.54,0.0,0.69,0.72,0.66,878.4,0.06999999999999995,-0.06999999999999995,0.30999999999999994,0.31057107479340706
2026-04-28 12:20:48+00:00,0.64,0.64,0.54,3.0,0.64,0.68,0.63,228.48000000000002,0.0,0.0,0.28,0.0
2026-04-28 12:20:50+00:00,0.58,0.64,0.58,10.0,0.58,0.65,0.58,812.3299999999999,0.0,0.0,0.15999999999999992,0.0
2026-04-28 12:20:52+00:00,0.58,0.64,0.58,0.0,0.62,0.62,0.6,437.11999999999995,0.040000000000000036,-0.040000000000000036,0.19999999999999996,0.16677483305565494
2026-04-28 12:20:54+00:00,0.51,0.58,0.51,114.0,0.59,0.61,0.54,591.8000000000001,0.07999999999999996,-0.07999999999999996,0.09999999999999998,0.32396004258771227
2026-04-28 12:20:56+00:00,0.51,0.58,0.51,0.0,0.5,0.57,0.47,1548.46,-0.010000000000000009,0.010000000000000009,0.010000000000000009,-0.040005334613699206
2026-04-28 12:20:58+00:00,0.51,0.58,0.51,0.0,0.47,0.53,0.47,725.2400000000001,-0.040000000000000036,0.040000000000000036,-0.020000000000000018,-0.16014964645576255
2026-04-28 12:21:00+00:00,0.47,0.58,0.47,20.0,0.56,0.57,0.49,623.75,0.09000000000000008,-0.09000000000000008,0.030000000000000027,0.3613063686589516
2026-04-28 12:21:02+00:00,0.44,0.58,0.44,100.0,0.52,0.55,0.51,717.91,0.08000000000000002,-0.08000000000000002,-0.040000000000000036,0.3212047644904247
2026-04-28 12:21:04+00:00,0.42,0.58,0.39,150.0,0.48,0.52,0.46,170.14000000000001,0.06,-0.06,-0.10000000000000009,0.2427306845895147
2026-04-28 12:21:06+00:00,0.48,0.58,0.48,22.99,0.55,0.57,0.52,1166.8200000000002,0.07000000000000006,-0.07000000000000006,0.030000000000000027,0.28071340313568793
2026-04-28 12:21:08+00:00,0.48,0.58,0.48,0.0,0.62,0.65,0.56,1881.99,0.14,-0.14,0.09999999999999998,0.5695909329922423
2026-04-28 12:21:10+00:00,0.55,0.58,0.55,32.0,0.64,0.65,0.64,295.89000000000004,0.08999999999999997,-0.08999999999999997,0.19000000000000006,0.3746934494414105
2026-04-28 12:21:12+00:00,0.55,0.58,0.55,0.0,0.63,0.65,0.63,283.67999999999995,0.07999999999999996,-0.07999999999999996,0.18000000000000005,0.3315461182851568
2026-04-28 12:21:14+00:00,0.55,0.58,0.55,0.0,0.63,0.64,0.62,243.29999999999998,0.07999999999999996,-0.07999999999999996,0.18000000000000005,0.3315461182851568
2026-04-28 12:21:16+00:00,0.58,0.58,0.58,22.56,0.63,0.65,0.63,307.63,0.050000000000000044,-0.050000000000000044,0.20999999999999996,0.20944342148425737
2026-04-28 12:21:18+00:00,0.58,0.58,0.58,0.0,0.63,0.64,0.63,579.54,0.050000000000000044,-0.050000000000000044,0.20999999999999996,0.20944342148425737
2026-04-28 12:21:20+00:00,0.58,0.58,0.58,5.45,0.65,0.68,0.64,602.72,0.07000000000000006,-0.07000000000000006,0.22999999999999998,0.29626581614317277
2026-04-28 12:21:22+00:00,0.6,0.6,0.58,1.0,0.71,0.72,0.68,289.27,0.10999999999999999,-0.10999999999999999,0.30999999999999994,0.4899189389466771
2026-04-28 12:21:24+00:00,0.64,0.64,0.58,0.14,0.66,0.68,0.66,79.95,0.020000000000000018,-0.020000000000000018,0.30000000000000004,0.08793007250670237
2026-04-28 12:21:26+00:00,0.64,0.64,0.58,0.0,0.68,0.67,0.67,230.76,0.040000000000000036,-0.040000000000000036,0.32000000000000006,0.1784076574728184
2026-04-28 12:21:28+00:00,0.64,0.64,0.58,0.0,0.65,0.66,0.65,262.67999999999995,0.010000000000000009,-0.010000000000000009,0.29000000000000004,0.043675063502661704
2026-04-28 12:21:30+00:00,0.64,0.64,0.58,0.0,0.63,0.63,0.62,71.78,-0.010000000000000009,0.010000000000000009,0.27,-0.04314733115625369
2026-04-28 12:21:32+00:00,0.59,0.59,0.58,27.12,0.61,0.63,0.61,184.22,0.020000000000000018,-0.020000000000000018,0.19999999999999996,0.08334684084225336
2026-04-28 12:21:34+00:00,0.59,0.59,0.58,0.0,0.62,0.63,0.6,72.1,0.030000000000000027,-0.030000000000000027,0.20999999999999996,0.1255828481172943
2026-04-28 12:21:36+00:00,0.55,0.58,0.55,10.0,0.59,0.62,0.59,691.19,0.039999999999999925,-0.039999999999999925,0.14,0.16329468173926007
2026-04-28 12:21:38+00:00,0.55,0.58,0.55,0.0,0.59,0.62,0.59,178.29000000000002,0.039999999999999925,-0.039999999999999925,0.14,0.16329468173926007
2026-04-28 12:21:40+00:00,0.55,0.58,0.55,0.0,0.61,0.64,0.61,517.85,0.05999999999999994,-0.05999999999999994,0.16000000000000003,0.24664152258151342
2026-04-28 12:21:42+00:00,0.55,0.58,0.55,0.0,0.6,0.6,0.59,581.0400000000001,0.04999999999999993,-0.04999999999999993,0.15000000000000002,0.2047944126460128
2026-04-28 12:21:44+00:00,0.55,0.58,0.55,0.0,0.59,0.6,0.57,830.75,0.039999999999999925,-0.039999999999999925,0.14,0.16329468173926007
2026-04-28 12:21:46+00:00,0.55,0.58,0.55,0.0,0.58,0.59,0.58,354.46,0.029999999999999916,-0.029999999999999916,0.13,0.12210269680089944
2026-04-28 12:21:48+00:00,0.55,0.58,0.55,0.0,0.58,0.59,0.58,30.34,0.029999999999999916,-0.029999999999999916,0.13,0.12210269680089944
2026-04-28 12:21:50+00:00,0.55,0.58,0.55,0.0,0.56,0.59,0.56,264.85,0.010000000000000009,-0.010000000000000009,0.1100000000000001,0.04049136135473683
2026-04-28 12:21:52+00:00,0.55,0.58,0.55,0.0,0.58,0.59,0.58,24.0,0.029999999999999916,-0.029999999999999916,0.13,0.12210269680089944
2026-04-28 12:21:54+00:00,0.51,0.55,0.51,7.58,0.57,0.6,0.55,812.0799999999999,0.05999999999999994,-0.05999999999999994,0.07999999999999996,0.2418458175272883
2026-04-28 12:21:56+00:00,0.47,0.53,0.47,28.18,0.55,0.55,0.54,292.31,0.08000000000000007,-0.08000000000000007,0.020000000000000018,0.32081500730421475
2026-04-28 12:21:58+00:00,0.46,0.53,0.44,218.0,0.53,0.55,0.48,1009.95,0.07,-0.07,-0.010000000000000009,0.28048696191724276
2026-04-28 12:22:00+00:00,0.32,0.53,0.27,829.56,0.42,0.5,0.29,4029.19,0.09999999999999998,-0.09999999999999998,-0.25999999999999995,0.4309984101133289
2026-04-28 12:22:02+00:00,0.33,0.36,0.24,112.0,0.35,0.35,0.34,355.26,0.019999999999999962,-0.019999999999999962,-0.31999999999999995,0.0891458495182621
2026-04-28 12:22:04+00:00,0.33,0.36,0.24,0.0,0.33,0.34,0.32,589.22,0.0,0.0,-0.3399999999999999,0.0
2026-04-28 12:22:06+00:00,0.22,0.29,0.22,144.3,0.29,0.34,0.27,1873.46,0.06999999999999998,-0.06999999999999998,-0.49000000000000005,0.37028232627643454
2026-04-28 12:22:08+00:00,0.22,0.29,0.22,0.0,0.28,0.29,0.28,125.85000000000001,0.060000000000000026,-0.060000000000000026,-0.5,0.3212047644904247
2026-04-28 12:22:10+00:00,0.22,0.29,0.22,0.0,0.3,0.32,0.31,252.68,0.07999999999999999,-0.07999999999999999,-0.48000000000000004,0.4183685129440723
2026-04-28 12:22:12+00:00,0.26,0.27,0.22,102.0,0.3,0.31,0.29,141.33999999999997,0.03999999999999998,-0.03999999999999998,-0.44,0.19867069479548405
2026-04-28 12:22:14+00:00,0.29,0.29,0.22,2.05,0.39,0.39,0.34,934.1899999999999,0.10000000000000003,-0.10000000000000003,-0.31999999999999995,0.44807182901117654
2026-04-28 12:22:16+00:00,0.29,0.29,0.22,0.0,0.35,0.38,0.35,212.29999999999998,0.06,-0.06,-0.36,0.2763448386486178
2026-04-28 12:22:18+00:00,0.29,0.29,0.22,22.56,0.38,0.39,0.34,272.6,0.09000000000000002,-0.09000000000000002,-0.32999999999999996,0.4058358217361355
2026-04-28 12:22:20+00:00,0.29,0.29,0.22,3.28,0.37,0.36,0.36,65.53999999999999,0.08000000000000002,-0.08000000000000002,-0.33999999999999997,0.3631672333075331
2026-04-28 12:22:22+00:00,0.33,0.33,0.22,10.0,0.38,0.47,0.35,2466.9900000000002,0.04999999999999999,-0.04999999999999999,-0.2899999999999999,0.21863683260577982
2026-04-28 12:22:24+00:00,0.33,0.33,0.22,0.0,0.47,0.47,0.43,420.99999999999994,0.13999999999999996,-0.13999999999999996,-0.19999999999999996,0.5880407460824223
2026-04-28 12:22:26+00:00,0.33,0.33,0.22,0.0,0.44,0.49,0.43,539.58,0.10999999999999999,-0.10999999999999999,-0.22999999999999993,0.46702300110759754
2026-04-28 12:22:28+00:00,0.33,0.33,0.22,0.0,0.49,0.5,0.48,207.19,0.15999999999999998,-0.15999999999999998,-0.17999999999999994,0.6681797233107863
2026-04-28 12:22:30+00:00,0.33,0.33,0.22,0.0,0.49,0.5,0.48,501.7199999999999,0.15999999999999998,-0.15999999999999998,-0.17999999999999994,0.6681797233107863
2026-04-28 12:22:32+00:00,0.33,0.33,0.22,0.0,0.48,0.5,0.39,461.09,0.14999999999999997,-0.14999999999999997,-0.18999999999999995,0.6281423502509491
2026-04-28 12:22:34+00:00,0.32,0.32,0.22,15.11,0.4,0.4,0.39,65.22000000000001,0.08000000000000002,-0.08000000000000002,-0.2799999999999999,0.3483066942682158
2026-04-28 12:22:36+00:00,0.32,0.32,0.22,0.0,0.43,0.43,0.42,138.15,0.10999999999999999,-0.10999999999999999,-0.24999999999999994,0.4719206502353922
2026-04-28 12:22:38+00:00,0.33,0.33,0.22,10.0,0.46,0.46,0.44,180.95999999999998,0.13,-0.13,-0.2099999999999999,0.5478424078493063
2026-04-28 12:22:40+00:00,0.33,0.33,0.22,0.0,0.43,0.44,0.41,664.16,0.09999999999999998,-0.09999999999999998,-0.23999999999999994,0.4263339057834977
2026-04-28 12:22:42+00:00,0.3,0.3,0.22,5.46,0.41,0.44,0.41,408.62,0.10999999999999999,-0.10999999999999999,-0.29,0.48333248318579164
2026-04-28 12:22:44+00:00,0.3,0.3,0.22,0.0,0.43,0.46,0.43,145.88,0.13,-0.13,-0.26999999999999996,0.5654467082462157
2026-04-28 12:22:46+00:00,0.3,0.3,0.22,0.0,0.46,0.47,0.46,405.01,0.16000000000000003,-0.16000000000000003,-0.23999999999999994,0.6869552103120242
2026-04-28 12:22:48+00:00,0.3,0.3,0.22,0.0,0.45,0.47,0.43,827.97,0.15000000000000002,-0.15000000000000002,-0.24999999999999994,0.6466271649250523
2026-04-28 12:22:50+00:00,0.31,0.31,0.29,110.0,0.42,0.45,0.41,139.57999999999998,0.10999999999999999,-0.10999999999999999,-0.26999999999999996,0.4773459078490619
2026-04-28 12:22:52+00:00,0.31,0.31,0.29,0.0,0.42,0.42,0.41,3.28,0.10999999999999999,-0.10999999999999999,-0.26999999999999996,0.4773459078490619
2026-04-28 12:22:54+00:00,0.31,0.31,0.29,0.0,0.42,0.43,0.41,32.93,0.10999999999999999,-0.10999999999999999,-0.26999999999999996,0.4773459078490619
2026-04-28 12:22:56+00:00,0.33,0.33,0.29,15.07,0.43,0.43,0.42,147.2,0.09999999999999998,-0.09999999999999998,-0.23999999999999994,0.4263339057834977
2026-04-28 12:22:58+00:00,0.33,0.33,0.29,0.0,0.44,0.45,0.44,122.0,0.10999999999999999,-0.10999999999999999,-0.22999999999999993,0.46702300110759754
2026-04-28 12:23:00+00:00,0.27,0.33,0.27,2.0,0.42,0.4,0.39,165.57999999999998,0.14999999999999997,-0.14999999999999997,-0.31,0.6718491828810107
2026-04-28 12:23:02+00:00,0.27,0.33,0.27,110.0,0.38,0.38,0.37,773.01,0.10999999999999999,-0.10999999999999999,-0.35,0.5050743498253562
2026-04-28 12:23:04+00:00,0.22,0.33,0.22,1.0,0.37,0.38,0.36,19.67,0.15,-0.15,-0.41000000000000003,0.7334495595839676
2026-04-28 12:23:06+00:00,0.22,0.33,0.22,0.0,0.41,0.44,0.41,1707.26,0.18999999999999997,-0.18999999999999997,-0.37000000000000005,0.9017009961298639
2026-04-28 12:23:08+00:00,0.22,0.33,0.22,0.0,0.43,0.43,0.42,28.62,0.21,-0.21,-0.35000000000000003,0.983815221190288
2026-04-28 12:23:10+00:00,0.29,0.29,0.26,181.0,0.41,0.41,0.4,227.26000000000002,0.12,-0.12,-0.3,0.5314186698534293
2026-04-28 12:23:12+00:00,0.29,0.29,0.26,0.0,0.4,0.41,0.39,92.5,0.11000000000000004,-0.11000000000000004,-0.30999999999999994,0.48991893894667704
2026-04-28 12:23:14+00:00,0.29,0.29,0.26,0.0,0.41,0.42,0.4,605.6999999999999,0.12,-0.12,-0.3,0.5314186698534293
2026-04-28 12:23:16+00:00,0.27,0.28,0.26,43.42,0.38,0.4,0.37,737.6500000000001,0.10999999999999999,-0.10999999999999999,-0.35,0.5050743498253562
2026-04-28 12:23:18+00:00,0.27,0.28,0.26,0.0,0.39,0.42,0.37,522.75,0.12,-0.12,-0.33999999999999997,0.5473103571003972
2026-04-28 12:23:20+00:00,0.27,0.28,0.26,0.0,0.38,0.39,0.38,232.63,0.10999999999999999,-0.10999999999999999,-0.35,0.5050743498253562
2026-04-28 12:23:22+00:00,0.27,0.28,0.26,0.0,0.39,0.4,0.37,237.02,0.12,-0.12,-0.33999999999999997,0.5473103571003972
2026-04-28 12:23:24+00:00,0.26,0.27,0.26,31.71,0.37,0.38,0.37,209.57999999999998,0.10999999999999999,-0.10999999999999999,-0.37,0.5137517414353794
2026-04-28 12:23:26+00:00,0.23,0.27,0.22,20.0,0.37,0.38,0.37,178.83,0.13999999999999999,-0.13999999999999999,-0.4,0.676094392177226
2026-04-28 12:23:28+00:00,0.26,0.26,0.21,62.65,0.35,0.36,0.35,555.27,0.08999999999999997,-0.08999999999999997,-0.39,0.4269293467764641
2026-04-28 12:23:30+00:00,0.26,0.26,0.21,0.0,0.34,0.36,0.34,259.37,0.08000000000000002,-0.08000000000000002,-0.39999999999999997,0.38267433777242366
2026-04-28 12:23:32+00:00,0.25,0.25,0.21,10.88,0.39,0.39,0.35,468.13,0.14,-0.14,-0.36,0.651300070624445
2026-04-28 12:23:34+00:00,0.25,0.25,0.21,0.0,0.38,0.41,0.37,325.3,0.13,-0.13,-0.37,0.609064063349404
2026-04-28 12:23:36+00:00,0.25,0.25,0.21,0.0,0.43,0.43,0.43,42.96,0.18,-0.18,-0.32,0.8167611365271219
2026-04-28 12:23:38+00:00,0.25,0.25,0.21,0.0,0.4,0.42,0.4,168.51999999999998,0.15000000000000002,-0.15000000000000002,-0.35,0.6931471805599455
2026-04-28 12:23:40+00:00,0.25,0.25,0.21,0.0,0.44,0.46,0.44,310.46000000000004,0.19,-0.19,-0.31,0.8574502318512217
2026-04-28 12:23:42+00:00,0.3,0.3,0.27,142.25,0.45,0.46,0.44,336.28999999999996,0.15000000000000002,-0.15000000000000002,-0.24999999999999994,0.6466271649250523
2026-04-28 12:23:44+00:00,0.28,0.3,0.25,20.21,0.46,0.47,0.45,195.25,0.18,-0.18,-0.25999999999999995,0.7841189587656718
2026-04-28 12:23:46+00:00,0.28,0.33,0.28,12.4,0.46,0.46,0.44,145.49999999999997,0.18,-0.18,-0.25999999999999995,0.7841189587656718
2026-04-28 12:23:48+00:00,0.28,0.33,0.28,0.0,0.43,0.46,0.43,44.0,0.14999999999999997,-0.14999999999999997,-0.29,0.6626104566998633
2026-04-28 12:23:50+00:00,0.32,0.32,0.28,117.61,0.43,0.44,0.43,278.31,0.10999999999999999,-0.10999999999999999,-0.24999999999999994,0.4719206502353922
2026-04-28 12:23:52+00:00,0.29,0.29,0.29,25.0,0.43,0.44,0.38,723.67,0.14,-0.14,-0.27999999999999997,0.6135328949138534
2026-04-28 12:23:54+00:00,0.29,0.29,0.29,0.0,0.41,0.41,0.38,21.67,0.12,-0.12,-0.3,0.5314186698534293
2026-04-28 12:23:56+00:00,0.29,0.29,0.29,0.0,0.42,0.43,0.4,122.53,0.13,-0.13,-0.29,0.5726106547917902
2026-04-28 12:23:58+00:00,0.29,0.29,0.29,0.0,0.42,0.43,0.42,50.89,0.13,-0.13,-0.29,0.5726106547917902
2026-04-28 12:24:00+00:00,0.29,0.29,0.29,0.0,0.43,0.45,0.44,127.32000000000001,0.14,-0.14,-0.27999999999999997,0.6135328949138534
2026-04-28 12:24:02+00:00,0.29,0.29,0.29,0.0,0.46,0.45,0.45,22.69,0.17000000000000004,-0.17000000000000004,-0.24999999999999994,0.735041396979662
2026-04-28 12:24:04+00:00,0.3,0.3,0.29,17.0,0.43,0.47,0.41,380.84999999999997,0.13,-0.13,-0.26999999999999996,0.5654467082462157
2026-04-28 12:24:06+00:00,0.3,0.3,0.29,0.0,0.44,0.44,0.43,10.2,0.14,-0.14,-0.25999999999999995,0.6061358035703155
2026-04-28 12:24:08+00:00,0.3,0.3,0.29,0.0,0.43,0.44,0.42,63.06,0.13,-0.13,-0.26999999999999996,0.5654467082462157
2026-04-28 12:24:10+00:00,0.3,0.3,0.29,0.0,0.43,0.43,0.4,119.36,0.13,-0.13,-0.26999999999999996,0.5654467082462157
2026-04-28 12:24:12+00:00,0.31,0.31,0.29,31.380000000000003,0.42,0.42,0.41,50.32,0.10999999999999999,-0.10999999999999999,-0.26999999999999996,0.4773459078490619
2026-04-28 12:24:14+00:00,0.31,0.31,0.29,0.0,0.4,0.41,0.4,24.740000000000002,0.09000000000000002,-0.09000000000000002,-0.2899999999999999,0.3946541920039488
2026-04-28 12:24:16+00:00,0.31,0.31,0.29,0.0,0.39,0.4,0.39,193.02,0.08000000000000002,-0.08000000000000002,-0.29999999999999993,0.3528070820684483
2026-04-28 12:24:18+00:00,0.31,0.31,0.29,0.0,0.39,0.39,0.38,50.18,0.08000000000000002,-0.08000000000000002,-0.29999999999999993,0.3528070820684483
2026-04-28 12:24:20+00:00,0.31,0.31,0.29,0.0,0.4,0.4,0.39,1.0,0.09000000000000002,-0.09000000000000002,-0.2899999999999999,0.3946541920039488
2026-04-28 12:24:22+00:00,0.31,0.31,0.29,0.0,0.4,0.4,0.39,0.0,0.09000000000000002,-0.09000000000000002,-0.2899999999999999,0.3946541920039488
2026-04-28 12:24:24+00:00,0.28,0.29,0.29,32.55,0.4,0.4,0.38,468.08000000000004,0.12,-0.12,-0.31999999999999995,0.5389965007326869
2026-04-28 12:24:26+00:00,0.28,0.29,0.29,0.0,0.39,0.4,0.39,51.19999999999999,0.10999999999999999,-0.10999999999999999,-0.32999999999999996,0.4971493907971864
2026-04-28 12:24:28+00:00,0.28,0.29,0.29,0.0,0.4,0.41,0.4,26.53,0.12,-0.12,-0.31999999999999995,0.5389965007326869
2026-04-28 12:24:30+00:00,0.28,0.29,0.29,0.0,0.4,0.41,0.4,108.25,0.12,-0.12,-0.31999999999999995,0.5389965007326869
2026-04-28 12:24:32+00:00,0.28,0.29,0.29,0.0,0.32,0.33,0.32,453.22,0.03999999999999998,-0.03999999999999998,-0.39999999999999997,0.1906898064644711
2026-04-28 12:24:34+00:00,0.2,0.23,0.19,142.25,0.31,0.31,0.3,13.92,0.10999999999999999,-0.10999999999999999,-0.49000000000000005,0.5861750610077775
2026-04-28 12:24:36+00:00,0.2,0.23,0.19,0.0,0.33,0.33,0.3,206.2,0.13,-0.13,-0.47000000000000003,0.678109303195405
2026-04-28 12:24:38+00:00,0.17,0.23,0.17,5.95,0.32,0.33,0.3,226.82,0.15,-0.15,-0.51,0.8318554613640016
2026-04-28 12:24:40+00:00,0.17,0.23,0.17,0.0,0.29,0.33,0.29,695.41,0.11999999999999997,-0.11999999999999997,-0.54,0.6902432166855403
2026-04-28 12:24:42+00:00,0.18,0.23,0.18,1.0,0.29,0.31,0.28,701.9200000000001,0.10999999999999999,-0.10999999999999999,-0.53,0.6209634423132473
2026-04-28 12:24:44+00:00,0.06,0.23,0.06,965.5600000000001,0.31,0.31,0.3,5.0,0.25,-0.25,-0.6299999999999999,1.951416012929836
2026-04-28 12:24:46+00:00,0.22,0.22,0.06,2.0,0.31,0.31,0.3,129.66,0.09,-0.09,-0.47000000000000003,0.4655470732191628
2026-04-28 12:24:48+00:00,0.21,0.21,0.06,7.58,0.31,0.36,0.31,2630.21,0.1,-0.1,-0.48000000000000004,0.5248061146314856
2026-04-28 12:24:50+00:00,0.15,0.21,0.15,116.03,0.33,0.33,0.31,175.78,0.18000000000000002,-0.18000000000000002,-0.52,1.0264159974636207
2026-04-28 12:24:52+00:00,0.23,0.23,0.15,82.5,0.33,0.33,0.32,28.43,0.1,-0.1,-0.44,0.5001261480000486
2026-04-28 12:24:54+00:00,0.23,0.23,0.15,0.0,0.3,0.32,0.3,574.4499999999999,0.06999999999999998,-0.06999999999999998,-0.47000000000000003,0.36101334553733067
2026-04-28 12:24:56+00:00,0.19,0.23,0.19,5.0,0.28,0.3,0.27,41.71,0.09000000000000002,-0.09000000000000002,-0.53,0.5055485666651472
2026-04-28 12:24:58+00:00,0.12,0.23,0.12,2.0,0.25,0.26,0.24,70.87,0.13,-0.13,-0.63,0.8938178760220965
2026-04-28 12:25:00+00:00,0.12,0.23,0.12,0.0,0.23,0.25,0.23,407.0,0.11000000000000001,-0.11000000000000001,-0.65,0.7841189587656721
2026-04-28 12:25:02+00:00,0.12,0.23,0.12,0.0,0.24,0.26,0.23,828.9799999999999,0.12,-0.12,-0.64,0.8397506547518208
2026-04-28 12:25:04+00:00,0.12,0.23,0.12,0.0,0.26,0.26,0.26,28.64,0.14,-0.14,-0.62,0.9464616095075187
2026-04-28 12:25:06+00:00,0.12,0.23,0.12,0.0,0.24,0.26,0.24,47.00000000000001,0.12,-0.12,-0.64,0.8397506547518208
2026-04-28 12:25:08+00:00,0.12,0.23,0.12,0.0,0.25,0.26,0.23,378.17999999999995,0.13,-0.13,-0.63,0.8938178760220965
2026-04-28 12:25:10+00:00,0.12,0.23,0.12,0.0,0.25,0.26,0.24,113.83000000000001,0.13,-0.13,-0.63,0.8938178760220965
2026-04-28 12:25:12+00:00,0.12,0.23,0.12,310.0,0.21,0.25,0.19,520.3499999999999,0.09,-0.09,-0.67,0.6675047499466076
2026-04-28 12:25:14+00:00,0.12,0.23,0.12,0.0,0.14,0.18,0.13,394.03,0.020000000000000018,-0.020000000000000018,-0.74,0.17714019805195713
2026-04-28 12:25:16+00:00,0.12,0.23,0.12,0.0,0.13,0.14,0.13,173.25000000000003,0.010000000000000009,-0.010000000000000009,-0.75,0.09147140349715932
2026-04-28 12:25:18+00:00,0.066,0.068,0.06,38.03,0.12,0.14,0.12,526.1600000000001,0.05399999999999999,-0.05399999999999999,-0.814,0.6573915315122105
2026-04-28 12:25:20+00:00,0.06,0.068,0.06,26.0,0.14,0.14,0.12,581.4799999999999,0.08000000000000002,-0.08000000000000002,-0.7999999999999999,0.9362453464036997
2026-04-28 12:25:22+00:00,0.06,0.068,0.06,0.0,0.13,0.14,0.13,80.34,0.07,-0.07,-0.8099999999999999,0.8505765518489019
2026-04-28 12:25:24+00:00,0.06,0.068,0.06,0.0,0.13,0.14,0.13,88.41,0.07,-0.07,-0.8099999999999999,0.8505765518489019
2026-04-28 12:25:26+00:00,0.067,0.068,0.06,36.010000000000005,0.12,0.14,0.12,179.29999999999998,0.05299999999999999,-0.05299999999999999,-0.8130000000000001,0.6412824167661715
2026-04-28 12:25:28+00:00,0.06,0.068,0.06,87.22,0.13,0.13,0.12,506.65999999999997,0.07,-0.07,-0.8099999999999999,0.8505765518489019
2026-04-28 12:25:30+00:00,0.04,0.068,0.036,153.0,0.12,0.14,0.12,1148.93,0.07999999999999999,-0.07999999999999999,-0.84,1.185623665657739
2026-04-28 12:25:32+00:00,0.04,0.068,0.036,0.0,0.11,0.12,0.11,439.52,0.07,-0.07,-0.85,1.087312733414176
2026-04-28 12:25:34+00:00,0.025,0.068,0.023,40.92,0.12,0.13,0.11,665.5799999999999,0.095,-0.095,-0.855,1.67113148143944
2026-04-28 12:25:36+00:00,0.025,0.068,0.023,0.0,0.14,0.14,0.13,517.13,0.11500000000000002,-0.11500000000000002,-0.835,1.8482716794913971
2026-04-28 12:25:38+00:00,0.023,0.068,0.023,11.51,0.12,0.15,0.12,256.85,0.097,-0.097,-0.857,1.7565622714234268
2026-04-28 12:25:40+00:00,0.023,0.068,0.023,0.0,0.13,0.14,0.13,547.0,0.10700000000000001,-0.10700000000000001,-0.847,1.8480336749205861
2026-04-28 12:25:42+00:00,0.023,0.068,0.023,0.0,0.12,0.14,0.12,322.46,0.097,-0.097,-0.857,1.7565622714234268
2026-04-28 12:25:44+00:00,0.023,0.068,0.023,0.0,0.11,0.12,0.1,230.66,0.087,-0.087,-0.867,1.6582513391798637
2026-04-28 12:25:46+00:00,0.023,0.068,0.023,0.0,0.11,0.12,0.11,47.190000000000005,0.087,-0.087,-0.867,1.6582513391798637
2026-04-28 12:25:48+00:00,0.023,0.068,0.022,51.050000000000004,0.11,0.12,0.1,1943.9099999999996,0.087,-0.087,-0.867,1.6582513391798637
2026-04-28 12:25:50+00:00,0.057,0.057,0.022,7.07,0.11,0.11,0.1,30.569999999999997,0.053,-0.053,-0.833,0.7152739178651379
2026-04-28 12:25:52+00:00,0.057,0.057,0.022,0.0,0.12,0.14,0.1,243.57,0.063,-0.063,-0.823,0.8135848501087011
2026-04-28 12:25:54+00:00,0.057,0.057,0.022,0.0,0.11,0.14,0.11,35.01,0.053,-0.053,-0.833,0.7152739178651379
2026-04-28 12:25:56+00:00,0.057,0.057,0.022,0.0,0.12,0.13,0.1,972.6999999999999,0.063,-0.063,-0.823,0.8135848501087011
2026-04-28 12:25:58+00:00,0.057,0.057,0.022,0.0,0.11,0.12,0.11,73.77,0.053,-0.053,-0.833,0.7152739178651379
2026-04-28 12:26:00+00:00,0.057,0.057,0.022,0.0,0.096,0.12,0.095,196.64999999999998,0.039,-0.039,-0.847,0.5635338458745669
2026-04-28 12:26:02+00:00,0.02,0.057,0.01,508.0,0.097,0.098,0.091,201.77,0.077,-0.077,-0.883,1.6608087231970239
2026-04-28 12:26:04+00:00,0.02,0.057,0.01,0.0,0.09,0.098,0.09,11.78,0.06999999999999999,-0.06999999999999999,-0.89,1.5781853689299958
2026-04-28 12:26:06+00:00,0.02,0.057,0.01,0.0,0.086,0.086,0.084,138.51,0.06599999999999999,-0.06599999999999999,-0.894,1.5283370229099842
2026-04-28 12:26:08+00:00,0.017,0.017,0.01,35.28,0.086,0.087,0.084,68.14,0.06899999999999999,-0.06899999999999999,-0.897,1.693912500890308
2026-04-28 12:26:10+00:00,0.017,0.017,0.01,0.0,0.097,0.097,0.087,22.869999999999997,0.08,-0.08,-0.886,1.8263842011773477
2026-04-28 12:26:12+00:00,0.017,0.017,0.01,0.0,0.098,0.11,0.097,142.97,0.081,-0.081,-0.885,1.8377487346988985
2026-04-28 12:26:14+00:00,0.017,0.017,0.01,0.0,0.09,0.098,0.09,136.04,0.073,-0.073,-0.893,1.7437608469103196
2026-04-28 12:26:16+00:00,0.01,0.017,0.01,16.72,0.092,0.096,0.092,15.79,0.082,-0.082,-0.898,2.305664048582337
2026-04-28 12:26:18+00:00,0.01,0.017,0.01,0.0,0.088,0.09,0.083,114.42999999999999,0.078,-0.078,-0.902,2.256816674538465
2026-04-28 12:26:20+00:00,0.009,0.017,0.009,1.0,0.087,0.088,0.08,602.7600000000001,0.078,-0.078,-0.904,2.3506621950533844
2026-04-28 12:26:22+00:00,0.009,0.017,0.009,0.0,0.075,0.078,0.073,233.81,0.066,-0.066,-0.916,2.1891843330176544
2026-04-28 12:26:24+00:00,0.016,0.02,0.009,307.7,0.078,0.078,0.074,333.83000000000004,0.062,-0.062,-0.906,1.6492007779454694
2026-04-28 12:26:26+00:00,0.016,0.02,0.009,0.0,0.07,0.077,0.07,33.28,0.054000000000000006,-0.054000000000000006,-0.9139999999999999,1.5323478307145293
2026-04-28 12:26:28+00:00,0.01,0.02,0.009,47.91,0.068,0.068,0.062,381.99,0.058,-0.058,-0.9219999999999999,1.9772947406251054
2026-04-28 12:26:30+00:00,0.01,0.02,0.01,0.01,0.06,0.068,0.06,135.37,0.049999999999999996,-0.049999999999999996,-0.9299999999999999,1.843584537092641
2026-04-28 12:26:32+00:00,0.01,0.02,0.01,0.0,0.068,0.068,0.06,353.2,0.058,-0.058,-0.9219999999999999,1.9772947406251054
2026-04-28 12:26:34+00:00,0.01,0.02,0.01,0.0,0.063,0.068,0.063,112.17999999999999,0.053,-0.053,-0.927,1.8955712942877003
2026-04-28 12:26:36+00:00,0.01,0.02,0.01,0.0,0.068,0.1,0.064,676.5400000000001,0.058,-0.058,-0.9219999999999999,1.9772947406251054
2026-04-28 12:26:38+00:00,0.01,0.02,0.01,0.0,0.09,0.1,0.08,92.82000000000001,0.08,-0.08,-0.9,2.281484920953959
2026-04-28 12:26:40+00:00,0.01,0.02,0.01,0.0,0.089,0.098,0.08,242.66,0.079,-0.079,-0.901,2.269213322606771
2026-04-28 12:26:42+00:00,0.01,0.02,0.01,0.0,0.096,0.1,0.08,1824.74,0.08600000000000001,-0.08600000000000001,-0.894,2.3526386812102493
2026-04-28 12:26:44+00:00,0.01,0.02,0.01,0.0,0.091,0.11,0.09,575.28,0.081,-0.081,-0.899,2.2936342624739607
2026-04-28 12:26:46+00:00,0.01,0.02,0.01,0.0,0.12,0.13,0.09,332.58000000000004,0.11,-0.11,-0.87,2.6026896854443837
2026-04-28 12:26:48+00:00,0.01,0.02,0.01,0.0,0.098,0.1,0.09,709.7,0.08800000000000001,-0.08800000000000001,-0.892,2.375472808742538
2026-04-28 12:26:50+00:00,0.01,0.02,0.01,0.0,0.1,0.11,0.1,93.7,0.09000000000000001,-0.09000000000000001,-0.89,2.3978952727983707
2026-04-28 12:26:52+00:00,0.01,0.02,0.01,0.0,0.1,0.12,0.1,299.92,0.09000000000000001,-0.09000000000000001,-0.89,2.3978952727983707
2026-04-28 12:26:54+00:00,0.01,0.02,0.01,0.0,0.11,0.11,0.1,100.49000000000001,0.1,-0.1,-0.88,2.5043787532008204
2026-04-28 12:26:56+00:00,0.01,0.02,0.01,0.0,0.11,0.11,0.1,63.78,0.1,-0.1,-0.88,2.5043787532008204
2026-04-28 12:26:58+00:00,0.01,0.02,0.01,0.0,0.11,0.11,0.11,5.45,0.1,-0.1,-0.88,2.5043787532008204
2026-04-28 12:27:00+00:00,0.03,0.03,0.01,31.21,0.12,0.12,0.11,176.76,0.09,-0.09,-0.85,1.483668525145067
2026-04-28 12:27:02+00:00,0.01,0.01,0.01,125.0,0.1,0.12,0.091,1098.49,0.09000000000000001,-0.09000000000000001,-0.89,2.3978952727983707
2026-04-28 12:27:04+00:00,0.01,0.01,0.01,0.0,0.098,0.098,0.091,73.47999999999999,0.08800000000000001,-0.08800000000000001,-0.892,2.375472808742538
2026-04-28 12:27:06+00:00,0.01,0.01,0.01,0.0,0.098,0.098,0.091,7.73,0.08800000000000001,-0.08800000000000001,-0.892,2.375472808742538
2026-04-28 12:27:08+00:00,0.01,0.01,0.01,0.0,0.093,0.1,0.09,152.78,0.083,-0.083,-0.897,2.317576893172709
2026-04-28 12:27:10+00:00,0.01,0.01,0.01,0.0,0.091,0.1,0.084,101.0,0.081,-0.081,-0.899,2.2936342624739607
2026-04-28 12:27:12+00:00,0.01,0.01,0.01,0.0,0.087,0.088,0.07,800.67,0.077,-0.077,-0.903,2.244292088194205
2026-04-28 12:27:14+00:00,0.01,0.01,0.01,0.0,0.084,0.088,0.07,143.3,0.07400000000000001,-0.07400000000000001,-0.906,2.2059202843037733
2026-04-28 12:27:16+00:00,0.01,0.01,0.01,0.0,0.09,0.091,0.07,34.28,0.08,-0.08,-0.9,2.281484920953959
2026-04-28 12:27:18+00:00,0.01,0.01,0.01,0.0,0.09,0.091,0.07,0.0,0.08,-0.08,-0.9,2.281484920953959
2026-04-28 12:27:20+00:00,0.01,0.01,0.01,0.0,0.084,0.088,0.084,141.9,0.07400000000000001,-0.07400000000000001,-0.906,2.2059202843037733
2026-04-28 12:27:22+00:00,0.03,0.03,0.01,306.5,0.09,0.091,0.084,51.57,0.06,-0.06,-0.88,1.1624637606546426
2026-04-28 12:27:24+00:00,0.03,0.03,0.01,0.0,0.056,0.091,0.05,3089.12,0.026000000000000002,-0.026000000000000002,-0.9139999999999999,0.6513242144249216
2026-04-28 12:27:26+00:00,0.03,0.03,0.01,0.0,0.068,0.078,0.068,58.86000000000001,0.038000000000000006,-0.038000000000000006,-0.9019999999999999,0.8582735803257888
2026-04-28 12:27:28+00:00,0.03,0.03,0.01,0.0,0.079,0.08,0.077,43.71,0.049,-0.049,-0.891,1.020086506046988
2026-04-28 12:27:30+00:00,0.03,0.03,0.01,0.0,0.073,0.078,0.072,244.73000000000002,0.043,-0.043,-0.897,0.9346045654178092
2026-04-28 12:27:32+00:00,0.03,0.03,0.01,0.0,0.078,0.078,0.072,90.14,0.048,-0.048,-0.892,1.006262292968271
2026-04-28 12:27:34+00:00,0.03,0.03,0.01,0.0,0.079,0.081,0.078,149.51999999999998,0.049,-0.049,-0.891,1.020086506046988
2026-04-28 12:27:36+00:00,0.03,0.03,0.01,0.0,0.087,0.1,0.078,276.12,0.056999999999999995,-0.056999999999999995,-0.883,1.1252709278948885
2026-04-28 12:27:38+00:00,0.03,0.03,0.01,0.0,0.1,0.14,0.1,47.9,0.07,-0.07,-0.87,1.2788741124990541
2026-04-28 12:27:40+00:00,0.03,0.03,0.01,0.0,0.13,0.14,0.13,172.41,0.1,-0.1,-0.84,1.5751399286422263
2026-04-28 12:27:42+00:00,0.03,0.03,0.01,0.0,0.13,0.13,0.12,271.5,0.1,-0.1,-0.84,1.5751399286422263
2026-04-28 12:27:44+00:00,0.03,0.03,0.01,0.0,0.078,0.084,0.07,456.69,0.048,-0.048,-0.892,1.006262292968271
2026-04-28 12:27:46+00:00,0.01,0.019,0.01,965.56,0.076,0.078,0.07,151.96,0.066,-0.066,-0.914,2.097141118779237
2026-04-28 12:27:48+00:00,0.01,0.019,0.01,0.0,0.087,0.09,0.089,140.65,0.077,-0.077,-0.903,2.244292088194205
2026-04-28 12:27:50+00:00,0.01,0.019,0.01,0.0,0.072,0.072,0.071,329.39,0.06199999999999999,-0.06199999999999999,-0.918,2.0387542363644444
2026-04-28 12:27:52+00:00,0.01,0.019,0.01,0.0,0.078,0.09,0.071,1206.3100000000002,0.068,-0.068,-0.912,2.1252834532675875
2026-04-28 12:27:54+00:00,0.01,0.019,0.01,0.0,0.08,0.086,0.073,156.82999999999998,0.07,-0.07,-0.91,2.1527728147653855
2026-04-28 12:27:56+00:00,0.01,0.019,0.01,0.0,0.07,0.086,0.051,472.39,0.060000000000000005,-0.060000000000000005,-0.9199999999999999,2.0084305060366474
2026-04-28 12:27:58+00:00,0.01,0.019,0.01,0.0,0.057,0.066,0.056,215.0,0.047,-0.047,-0.9329999999999999,1.7891048353356824
2026-04-28 12:28:00+00:00,0.01,0.01,0.01,1.0,0.06,0.06,0.051,270.87,0.049999999999999996,-0.049999999999999996,-0.9299999999999999,1.843584537092641
2026-04-28 12:28:02+00:00,0.01,0.01,0.01,0.0,0.059,0.06,0.051,617.8199999999999,0.048999999999999995,-0.048999999999999995,-0.931,1.8257141544549293
2026-04-28 12:28:04+00:00,0.01,0.01,0.01,0.0,0.063,0.063,0.05,732.16,0.053,-0.053,-0.927,1.8955712942877003
2026-04-28 12:28:06+00:00,0.01,0.01,0.01,0.0,0.062,0.067,0.058,150.2,0.052,-0.052,-0.9279999999999999,1.8785042861734569
2026-04-28 12:28:08+00:00,0.01,0.01,0.01,0.0,0.067,0.067,0.058,7.539999999999999,0.057,-0.057,-0.923,1.961407268678212
2026-04-28 12:28:10+00:00,0.01,0.01,0.01,0.0,0.05,0.059,0.045,1346.67,0.04,-0.04,-0.94,1.6506808709681495
2026-04-28 12:28:12+00:00,0.01,0.01,0.01,0.0,0.056,0.056,0.045,11.83,0.046,-0.046,-0.9339999999999999,1.7703453747242381
2026-04-28 12:28:14+00:00,0.01,0.01,0.01,0.0,0.056,0.058,0.048,142.61,0.046,-0.046,-0.9339999999999999,1.7703453747242381
2026-04-28 12:28:16+00:00,0.016,0.016,0.01,86.35,0.047,0.055,0.036,1283.57,0.031,-0.031,-0.9369999999999999,1.1095698728683283
2026-04-28 12:28:18+00:00,0.016,0.016,0.01,0.0,0.056,0.057,0.041,153.09,0.04,-0.04,-0.9279999999999999,1.29426269940212
2026-04-28 12:28:20+00:00,0.016,0.016,0.01,0.0,0.054,0.054,0.053,168.61,0.038,-0.038,-0.9299999999999999,1.2557786523248677
2026-04-28 12:28:22+00:00,0.016,0.016,0.01,0.0,0.05,0.057,0.046,119.59,0.034,-0.034,-0.9339999999999999,1.1745981956460314
2026-04-28 12:28:24+00:00,0.016,0.016,0.01,0.0,0.055,0.057,0.055,52.13,0.039,-0.039,-0.9289999999999999,1.2751854325511998
2026-04-28 12:28:26+00:00,0.016,0.016,0.01,0.0,0.055,0.055,0.046,421.37,0.039,-0.039,-0.9289999999999999,1.2751854325511998
2026-04-28 12:28:28+00:00,0.016,0.016,0.01,0.0,0.043,0.05,0.047,90.0,0.026999999999999996,-0.026999999999999996,-0.941,1.0164338990530797
2026-04-28 12:28:30+00:00,0.016,0.016,0.01,0.0,0.059,0.06,0.04,2022.29,0.043,-0.043,-0.925,1.3496314791328112
2026-04-28 12:28:32+00:00,0.016,0.016,0.01,0.0,0.033,0.042,0.032,158.9,0.017,-0.017,-0.951,0.7413462408256577
2026-04-28 12:28:34+00:00,0.016,0.016,0.01,0.0,0.038,0.038,0.033,2446.33,0.022,-0.022,-0.946,0.8876088838731508
2026-04-28 12:28:36+00:00,0.016,0.016,0.01,0.0,0.03,0.035,0.03,549.5799999999999,0.013999999999999999,-0.013999999999999999,-0.954,0.6429384849771984
2026-04-28 12:28:38+00:00,0.016,0.016,0.01,0.0,0.027,0.034,0.027,321.98,0.011,-0.011,-0.957,0.5344899586307958
2026-04-28 12:28:40+00:00,0.01,0.01,0.01,187.03,0.026,0.032,0.023,296.79,0.016,-0.016,-0.964,0.9718050845135369
2026-04-28 12:28:42+00:00,0.01,0.01,0.01,0.0,0.021,0.024,0.02,1041.42,0.011000000000000001,-0.011000000000000001,-0.969,0.7531106453275025
2026-04-28 12:28:44+00:00,0.01,0.01,0.01,0.0,0.02,0.02,0.013,226.89,0.01,-0.01,-0.97,0.7032995520239633
2026-04-28 12:28:46+00:00,0.01,0.01,0.01,0.0,0.016,0.017,0.011,943.9200000000001,0.006,-0.006,-0.974,0.4760826753221181
2026-04-28 12:28:48+00:00,0.01,0.01,0.01,0.0,0.011,0.011,0.01,259.35,0.0009999999999999992,-0.0009999999999999992,-0.979,0.09632079131024796
2026-04-28 12:28:50+00:00,0.01,0.01,0.01,0.0,0.01,0.017,0.002,1716.68,0.0,0.0,-0.98,0.0
2026-04-28 12:28:52+00:00,0.01,0.01,0.01,0.0,0.009,0.016,0.011,108.58,-0.0010000000000000009,0.0010000000000000009,-0.981,-0.10637010685917936
2026-04-28 12:28:54+00:00,0.01,0.01,0.01,0.0,0.009,0.024,0.011,1189.79,-0.0010000000000000009,0.0010000000000000009,-0.981,-0.10637010685917936
2026-04-28 12:28:56+00:00,0.01,0.01,0.01,0.0,0.008,0.01,0.009,498.36,-0.002,0.002,-0.982,-0.22516171547044728
2026-04-28 12:28:58+00:00,0.01,0.01,0.01,0.0,0.01,0.01,0.009,347.0,0.0,0.0,-0.98,0.0
2026-04-28 12:29:00+00:00,0.01,0.01,0.01,0.0,0.007,0.009,0.007,93.51,-0.003,0.003,-0.983,-0.35970066485526964
2026-04-28 12:29:02+00:00,0.01,0.01,0.01,0.0,0.009,0.009,0.002,625.75,-0.0010000000000000009,0.0010000000000000009,-0.981,-0.10637010685917936
2026-04-28 12:29:04+00:00,0.01,0.01,0.01,0.0,0.009,0.009,0.007,351.11,-0.0010000000000000009,0.0010000000000000009,-0.981,-0.10637010685917936
2026-04-28 12:29:06+00:00,0.01,0.01,0.01,0.0,0.006,0.008,0.002,331.78000000000003,-0.004,0.004,-0.984,-0.5148578872939291
2026-04-28 12:29:08+00:00,0.01,0.01,0.01,0.0,0.006,0.006,0.002,40.3,-0.004,0.004,-0.984,-0.5148578872939291
2026-04-28 12:29:10+00:00,0.01,0.01,0.01,0.0,0.001,0.006,0.001,431.18,-0.009000000000000001,0.009000000000000001,-0.989,-2.311634928513964
2026-04-28 12:29:12+00:00,0.01,0.01,0.01,0.0,0.001,0.001,0.001,111.61,-0.009000000000000001,0.009000000000000001,-0.989,-2.311634928513964
2026-04-28 12:29:14+00:00,0.01,0.01,0.01,0.0,0.001,0.001,0.001,1.0,-0.009000000000000001,0.009000000000000001,-0.989,-2.311634928513964
2026-04-28 12:29:16+00:00,0.01,0.01,0.01,0.0,0.001,0.001,0.001,0.0,-0.009000000000000001,0.009000000000000001,-0.989,-2.311634928513964
2026-04-28 12:29:18+00:00,0.01,0.01,0.01,0.0,0.001,0.001,0.001,1000.0,-0.009000000000000001,0.009000000000000001,-0.989,-2.311634928513964
2026-04-28 12:29:20+00:00,0.01,0.01,0.01,0.0,0.001,0.001,0.001,114.86,-0.009000000000000001,0.009000000000000001,-0.989,-2.311634928513964
2026-04-28 12:29:22+00:00,0.01,0.01,0.01,0.0,0.001,0.001,0.001,0.0,-0.009000000000000001,0.009000000000000001,-0.989,-2.311634928513964
2026-04-28 12:29:24+00:00,0.01,0.01,0.01,0.0,0.001,0.001,0.001,22.0,-0.009000000000000001,0.009000000000000001,-0.989,-2.311634928513964
2026-04-28 12:29:26+00:00,0.01,0.01,0.01,0.0,0.001,0.001,0.001,157.15,-0.009000000000000001,0.009000000000000001,-0.989,-2.311634928513964
2026-04-28 12:29:28+00:00,0.01,0.01,0.01,0.0,0.001,0.001,0.001,0.0,-0.009000000000000001,0.009000000000000001,-0.989,-2.311634928513964
2026-04-28 12:29:30+00:00,0.01,0.01,0.01,0.0,0.001,0.001,0.001,0.0,-0.009000000000000001,0.009000000000000001,-0.989,-2.311634928513964
2026-04-28 12:29:32+00:00,0.01,0.01,0.01,0.0,0.001,0.001,0.001,0.0,-0.009000000000000001,0.009000000000000001,-0.989,-2.311634928513964
2026-04-28 12:29:34+00:00,0.01,0.01,0.01,0.0,0.001,0.001,0.001,0.0,-0.009000000000000001,0.009000000000000001,-0.989,-2.311634928513964
2026-04-28 12:29:36+00:00,0.01,0.01,0.01,0.0,0.001,0.001,0.001,0.0,-0.009000000000000001,0.009000000000000001,-0.989,-2.311634928513964
2026-04-28 12:29:38+00:00,0.01,0.01,0.01,0.0,0.001,0.001,0.001,0.0,-0.009000000000000001,0.009000000000000001,-0.989,-2.311634928513964
2026-04-28 12:29:40+00:00,0.01,0.01,0.01,0.0,0.001,0.001,0.001,0.0,-0.009000000000000001,0.009000000000000001,-0.989,-2.311634928513964
2026-04-28 12:29:42+00:00,0.01,0.01,0.01,0.0,0.001,0.001,0.001,0.0,-0.009000000000000001,0.009000000000000001,-0.989,-2.311634928513964
2026-04-28 12:29:44+00:00,0.01,0.01,0.01,0.0,0.001,0.001,0.001,0.0,-0.009000000000000001,0.009000000000000001,-0.989,-2.311634928513964
2026-04-28 12:29:46+00:00,0.01,0.01,0.01,0.0,0.001,0.001,0.001,0.0,-0.009000000000000001,0.009000000000000001,-0.989,-2.311634928513964
2026-04-28 12:29:48+00:00,0.01,0.01,0.01,0.0,0.001,0.001,0.001,0.0,-0.009000000000000001,0.009000000000000001,-0.989,-2.311634928513964
2026-04-28 12:29:50+00:00,0.01,0.01,0.01,0.0,0.001,0.001,0.001,0.0,-0.009000000000000001,0.009000000000000001,-0.989,-2.311634928513964
2026-04-28 12:29:52+00:00,0.01,0.01,0.01,0.0,0.001,0.001,0.001,0.0,-0.009000000000000001,0.009000000000000001,-0.989,-2.311634928513964
2026-04-28 12:29:54+00:00,0.01,0.01,0.01,0.0,0.001,0.001,0.001,0.0,-0.009000000000000001,0.009000000000000001,-0.989,-2.311634928513964
2026-04-28 12:29:56+00:00,0.01,0.01,0.01,0.0,0.001,0.001,0.001,0.0,-0.009000000000000001,0.009000000000000001,-0.989,-2.311634928513964
2026-04-28 12:29:58+00:00,0.01,0.01,0.01,0.0,0.001,0.001,0.001,0.0,-0.009000000000000001,0.009000000000000001,-0.989,-2.311634928513964
2026-04-28 12:30:00+00:00,0.01,0.01,0.01,0.0,0.001,0.001,0.001,0.0,-0.009000000000000001,0.009000000000000001,-0.989,-2.311634928513964
